File name,Count,File Size (in MB),Detection time (sec),Detection FPS,Encoding,Conversion Time (sec),Video Length,Time of Day,Weather
kukuNew.mp4,227,,1846.08335614204,,"{'codec': 'h264', 'profile': 'High', 'resolution': '1280x720', 'bitrate': '1645', 'fps': '97'}",0,174.040533333333,Night,Clear
4K_new.mp4,224,,2627.83337807655,,"{'codec': 'h264', 'profile': 'avc1 / 0x31637661', 'resolution': '1920x1080', 'bitrate': '4327', 'fps': '30'}",0,180,Day,"Clear, Sunny"
highwayNew.mp4,311,,3042.39298033714,2.5ish,"{'codec': 'h264', 'profile': 'avc1 / 0x31637661', 'resolution': '1920x1080', 'bitrate': '3551', 'fps': '97'}",0,210.0098,Day,Clear
ChampsElysees_150610_03_Videvo.mov,80,,173.77635717392,3.00876676090916,"{'codec': 'h264', 'profile': 'Main', 'resolution': '1920x1080', 'bitrate': '24913', 'fps': '25'}",0,15.52,Day ,Clear
nightSouthKorea.mov,28,,137.151953697205,3.31262764994735,"{'codec': 'h264', 'profile': 'Main', 'resolution': '1920x1080', 'bitrate': '25310', 'fps': '25'}",0,12.96,Night,Dark and clear
thai_cam_vid_1.mp4,34,,404.211410522461,2.38824351147344,"{'codec': 'h264', 'profile': 'High', 'resolution': '1920x1080', 'bitrate': '4435', 'fps': '97'}",0,28.9956333333333,Day,Clear
bridge.mp4,30,,262.222940206528,3.21903740298054,"{'codec': 'h264', 'profile': 'High', 'resolution': '1920x1080', 'bitrate': '7969', 'fps': '97'}",0,24.0300375469337,Day,"Clear, Sunny"
Pexels_Videos_2103099.mp4,68,,1418.42764616013,1.86098299566356,"{'codec': 'h264', 'profile': 'High', 'resolution': '3840x2160', 'bitrate': '24370', 'fps': '30'}",0,60,Evening,Clear
Singapore_Road_CTE_Tollroad_Singapore.mp4,926,,3386.74173092842,6.72969053748597,"{'codec': 'h264', 'profile': 'Main', 'resolution': '1280x720', 'bitrate': '2313', 'fps': '97'}",0,300.7004,Afternoon,"Clear, Sunny"
highway2_trim.mp4,430,,1735.80765461922,3.81907809138133,"{'codec': 'h264', 'profile': 'avc1 / 0x31637661', 'resolution': '1280x720', 'bitrate': '694', 'fps': '25'}",0,180.04,Afternoon,Shade
Cars_On_Highway.mp4,33,,585.916793107986,3.81991275473403,"{'codec': 'h264', 'profile': 'High', 'resolution': '1920x1080', 'bitrate': '4491', 'fps': '25'}",0,,Day,"Clear, Sunny"
bridge-bitrate-5000.mp4,32,14.75628,258.171775579452,3.28716538354807,"{'codec': 'h264', 'profile': 'High', 'resolution': '1920x1080', 'bitrate': '7969', 'fps': '97'}",14.5690243244171,24.0300375469337,,
bridge-bitrate-4500.mp4,30,13.281229,258.587713479996,3.17024919845123,"{'codec': 'h264', 'profile': 'High', 'resolution': '1920x1080', 'bitrate': '7969', 'fps': '97'}",14.2998778820038,24.0300375469337,,
bridge-bitrate-4000.mp4,32,11.804606,258.391022920609,3.06927935131359,"{'codec': 'h264', 'profile': 'High', 'resolution': '1920x1080', 'bitrate': '7969', 'fps': '97'}",14.4507348537445,24.0300375469337,,
bridge-bitrate-3500.mp4,30,10.326114,258.287000894546,3.06836725453307,"{'codec': 'h264', 'profile': 'High', 'resolution': '1920x1080', 'bitrate': '7969', 'fps': '97'}",14.2765202522278,24.0300375469337,,
bridge-bitrate-3000.mp4,30,8.844915,259.118017196655,3.05509157552641,"{'codec': 'h264', 'profile': 'High', 'resolution': '1920x1080', 'bitrate': '7969', 'fps': '97'}",12.8693253993988,24.0300375469337,,
bridge-bitrate-2500.mp4,29,7.362304,256.422414541244,3.20868303741122,"{'codec': 'h264', 'profile': 'High', 'resolution': '1920x1080', 'bitrate': '7969', 'fps': '97'}",12.3744621276855,24.0300375469337,,
bridge-bitrate-2000.mp4,30,5.87876,257.542032957077,3.19599170018186,"{'codec': 'h264', 'profile': 'High', 'resolution': '1920x1080', 'bitrate': '7969', 'fps': '97'}",11.637943983078,24.0300375469337,,
bridge-bitrate-1500.mp4,29,4.391743,256.021696567535,2.93273409194472,"{'codec': 'h264', 'profile': 'High', 'resolution': '1920x1080', 'bitrate': '7969', 'fps': '97'}",10.8417859077454,24.0300375469337,,
bridge-bitrate-1000.mp4,30,2.91375,255.894110441208,3.25341580483812,"{'codec': 'h264', 'profile': 'High', 'resolution': '1920x1080', 'bitrate': '7969', 'fps': '97'}",10.2096285820007,24.0300375469337,,
bridge-bitrate-500.mp4,29,1.450505,251.883982658386,3.06340291125027,"{'codec': 'h264', 'profile': 'High', 'resolution': '1920x1080', 'bitrate': '7969', 'fps': '97'}",9.87305569648743,24.0300375469337,,
Pexels_Videos_2103099-bitrate-5000.mp4,62,37.666196,1373.11989474297,1.70510425450642,"{'codec': 'h264', 'profile': 'High', 'resolution': '3840x2160', 'bitrate': '5019', 'fps': '30'}",122.33423614502,60,,
Pexels_Videos_2103099-bitrate-4500.mp4,62,33.904206,1408.83132219315,1.71370890499825,"{'codec': 'h264', 'profile': 'High', 'resolution': '3840x2160', 'bitrate': '4517', 'fps': '30'}",118.990119457245,60,,
Pexels_Videos_2103099-bitrate-4000.mp4,66,30.139301,1374.48112607002,1.7659757006229,"{'codec': 'h264', 'profile': 'High', 'resolution': '3840x2160', 'bitrate': '4015', 'fps': '30'}",115.650607347488,60,,
Pexels_Videos_2103099-bitrate-3500.mp4,63,26.368387,1393.45521903038,1.69216523090913,"{'codec': 'h264', 'profile': 'High', 'resolution': '3840x2160', 'bitrate': '3512', 'fps': '30'}",111.374356031418,60,,
Pexels_Videos_2103099-bitrate-3000.mp4,61,22.604744,1367.71004199982,1.75721581375969,"{'codec': 'h264', 'profile': 'High', 'resolution': '3840x2160', 'bitrate': '3010', 'fps': '30'}",108.027190208435,60,,
Pexels_Videos_2103099-bitrate-2500.mp4,62,18.82898,1357.15728259087,1.81569561856947,"{'codec': 'h264', 'profile': 'High', 'resolution': '3840x2160', 'bitrate': '2507', 'fps': '30'}",107.14758348465,60,,
Pexels_Videos_2103099-bitrate-2000.mp4,57,15.061207,1381.8668692112,1.77400051707894,"{'codec': 'h264', 'profile': 'High', 'resolution': '3840x2160', 'bitrate': '2005', 'fps': '30'}",107.182571649551,60,,
Pexels_Videos_2103099-bitrate-1500.mp4,57,11.287257,1413.24886345863,1.7004072454047,"{'codec': 'h264', 'profile': 'High', 'resolution': '3840x2160', 'bitrate': '1501', 'fps': '30'}",105.781785011292,60,,
Pexels_Videos_2103099-bitrate-1000.mp4,54,7.531883,1336.24148201942,1.82112221777747,"{'codec': 'h264', 'profile': 'High', 'resolution': '3840x2160', 'bitrate': '1001', 'fps': '30'}",105.939594268799,60,,
Pexels_Videos_2103099-bitrate-500.mp4,56,3.800637,1351.02977514267,1.73848062106232,"{'codec': 'h264', 'profile': 'High', 'resolution': '3840x2160', 'bitrate': '503', 'fps': '30'}",106.118437767029,60,,
ChampsElysees_150610_03_Videvo-bitrate-5000.mov,78,9.645977,165.897953748703,3.06963150493672,"{'codec': 'h264', 'profile': 'High', 'resolution': '1920x1080', 'bitrate': '4969', 'fps': '25'}",10.4005582332611,15.52,,
ChampsElysees_150610_03_Videvo-bitrate-4500.mov,81,8.673564,166.527168035507,2.85369041068669,"{'codec': 'h264', 'profile': 'High', 'resolution': '1920x1080', 'bitrate': '4467', 'fps': '25'}",10.3988497257233,15.52,,
ChampsElysees_150610_03_Videvo-bitrate-4000.mov,77,7.703308,166.798211574554,3.12241858131836,"{'codec': 'h264', 'profile': 'High', 'resolution': '1920x1080', 'bitrate': '3967', 'fps': '25'}",9.80801653862,15.52,,
ChampsElysees_150610_03_Videvo-bitrate-3500.mov,79,6.733819,168.502311944962,3.16929908713804,"{'codec': 'h264', 'profile': 'High', 'resolution': '1920x1080', 'bitrate': '3467', 'fps': '25'}",9.43532133102417,15.52,,
ChampsElysees_150610_03_Videvo-bitrate-3000.mov,80,5.767612,165.260614871979,3.13817599309158,"{'codec': 'h264', 'profile': 'High', 'resolution': '1920x1080', 'bitrate': '2969', 'fps': '25'}",8.81536054611206,15.52,,
ChampsElysees_150610_03_Videvo-bitrate-2500.mov,79,4.807302,165.768221378326,3.13135682600507,"{'codec': 'h264', 'profile': 'High', 'resolution': '1920x1080', 'bitrate': '2474', 'fps': '25'}",8.59316635131836,15.52,,
ChampsElysees_150610_03_Videvo-bitrate-2000.mov,81,3.845078,165.398059606552,3.01784282930535,"{'codec': 'h264', 'profile': 'High', 'resolution': '1920x1080', 'bitrate': '1978', 'fps': '25'}",8.11157178878784,15.52,,
ChampsElysees_150610_03_Videvo-bitrate-1500.mov,85,2.883978,165.23406291008,2.95859144781562,"{'codec': 'h264', 'profile': 'High', 'resolution': '1920x1080', 'bitrate': '1483', 'fps': '25'}",7.61918687820435,15.52,,
ChampsElysees_150610_03_Videvo-bitrate-1000.mov,77,1.927508,163.214021205902,3.09587658704171,"{'codec': 'h264', 'profile': 'High', 'resolution': '1920x1080', 'bitrate': '990', 'fps': '25'}",7.41483569145203,15.52,,
ChampsElysees_150610_03_Videvo-bitrate-500.mov,71,0.972116,159.254724979401,3.38853187626982,"{'codec': 'h264', 'profile': 'High', 'resolution': '1920x1080', 'bitrate': '498', 'fps': '25'}",7.33984565734863,15.52,,
nightSouthKorea-bitrate-5000.mov,28,8.202002,130.799322605133,3.50601057658637,"{'codec': 'h264', 'profile': 'High', 'resolution': '1920x1080', 'bitrate': '5059', 'fps': '25'}",11.2760438919067,12.96,,
nightSouthKorea-bitrate-4500.mov,26,7.38889,131.215079307556,3.5761477560012,"{'codec': 'h264', 'profile': 'High', 'resolution': '1920x1080', 'bitrate': '4558', 'fps': '25'}",10.9829103946686,12.96,,
nightSouthKorea-bitrate-4000.mov,28,6.574034,130.681228637695,3.41204464660061,"{'codec': 'h264', 'profile': 'High', 'resolution': '1920x1080', 'bitrate': '4055', 'fps': '25'}",10.4470481872559,12.96,,
nightSouthKorea-bitrate-3500.mov,27,5.757982,130.332457780838,3.4676235342055,"{'codec': 'h264', 'profile': 'High', 'resolution': '1920x1080', 'bitrate': '3551', 'fps': '25'}",10.2040569782257,12.96,,
nightSouthKorea-bitrate-3000.mov,27,4.940125,133.613841056824,3.3610136896123,"{'codec': 'h264', 'profile': 'High', 'resolution': '1920x1080', 'bitrate': '3046', 'fps': '25'}",9.83393287658691,12.96,,
nightSouthKorea-bitrate-2500.mov,28,4.122163,130.467875957489,3.44275863945492,"{'codec': 'h264', 'profile': 'High', 'resolution': '1920x1080', 'bitrate': '2541', 'fps': '25'}",9.1541850566864,12.96,,
nightSouthKorea-bitrate-2000.mov,26,3.301838,130.827471733093,3.75897834961533,"{'codec': 'h264', 'profile': 'High', 'resolution': '1920x1080', 'bitrate': '2035', 'fps': '25'}",8.76319527626038,12.96,,
nightSouthKorea-bitrate-1500.mov,27,2.475123,130.37099981308,3.75377628251772,"{'codec': 'h264', 'profile': 'High', 'resolution': '1920x1080', 'bitrate': '1524', 'fps': '25'}",8.29532337188721,12.96,,
nightSouthKorea-bitrate-1000.mov,28,1.648068,131.107380151749,3.57633756491046,"{'codec': 'h264', 'profile': 'High', 'resolution': '1920x1080', 'bitrate': '1014', 'fps': '25'}",7.94407296180725,12.96,,
nightSouthKorea-bitrate-500.mov,27,0.826038,128.241300821304,3.55039234682277,"{'codec': 'h264', 'profile': 'High', 'resolution': '1920x1080', 'bitrate': '506', 'fps': '25'}",7.88894271850586,12.96,,
kukuNew-bitrate-1645.mp4,223,36.11868,1663.23372626305,4.61706100406802,"{'codec': 'h264', 'profile': 'High', 'resolution': '1280x720', 'bitrate': '1657', 'fps': '97'}",45.440945148468,174.040533333333,,
kukuNew-bitrate-1481.mp4,226,32.522277,1663.65767216682,4.47675863228726,"{'codec': 'h264', 'profile': 'High', 'resolution': '1280x720', 'bitrate': '1492', 'fps': '97'}",42.9376404285431,174.040533333333,,
kukuNew-bitrate-1317.mp4,227,28.92472,1669.92912840843,4.70290791584271,"{'codec': 'h264', 'profile': 'High', 'resolution': '1280x720', 'bitrate': '1326', 'fps': '97'}",41.1527647972107,174.040533333333,,
kukuNew-bitrate-1153.mp4,230,25.32946,1662.70892119408,4.45637676712602,"{'codec': 'h264', 'profile': 'High', 'resolution': '1280x720', 'bitrate': '1161', 'fps': '97'}",38.6684558391571,174.040533333333,,
kukuNew-bitrate-989.mp4,230,21.736498,1653.05122447014,4.51315061781673,"{'codec': 'h264', 'profile': 'High', 'resolution': '1280x720', 'bitrate': '996', 'fps': '97'}",37.9775288105011,174.040533333333,,
kukuNew-bitrate-825.mp4,224,18.143708,1657.84060120583,4.30877940279131,"{'codec': 'h264', 'profile': 'High', 'resolution': '1280x720', 'bitrate': '831', 'fps': '97'}",35.760972738266,174.040533333333,,
kukuNew-bitrate-661.mp4,230,14.551547,1663.04176235199,4.32477381930425,"{'codec': 'h264', 'profile': 'High', 'resolution': '1280x720', 'bitrate': '665', 'fps': '97'}",33.8705415725708,174.040533333333,,
kukuNew-bitrate-497.mp4,228,10.96162,1662.11180758476,4.03058096637085,"{'codec': 'h264', 'profile': 'High', 'resolution': '1280x720', 'bitrate': '500', 'fps': '97'}",30.8550844192505,174.040533333333,,
kukuNew-bitrate-333.mp4,228,7.372499,1655.83172941208,3.89418902839156,"{'codec': 'h264', 'profile': 'High', 'resolution': '1280x720', 'bitrate': '336', 'fps': '97'}",28.9667239189148,174.040533333333,,
4K_new-bitrate-4327.mp4,221,98.801651,2435.24062752724,2.72474197539881,"{'codec': 'h264', 'profile': 'High', 'resolution': '1920x1080', 'bitrate': '4388', 'fps': '30'}",105.664440631866,180,,
4K_new-bitrate-3895.mp4,221,88.947616,2503.13297653198,2.6961252317156,"{'codec': 'h264', 'profile': 'High', 'resolution': '1920x1080', 'bitrate': '3950', 'fps': '30'}",105.002948284149,180,,
4K_new-bitrate-3463.mp4,224,79.103827,2503.42148470879,2.65926176899646,"{'codec': 'h264', 'profile': 'High', 'resolution': '1920x1080', 'bitrate': '3513', 'fps': '30'}",100.777895212173,180,,
4K_new-bitrate-3031.mp4,224,69.27046,2486.34172677994,2.72754174815473,"{'codec': 'h264', 'profile': 'High', 'resolution': '1920x1080', 'bitrate': '3076', 'fps': '30'}",99.2473013401031,180,,
4K_new-bitrate-2599.mp4,222,59.446897,2611.82397937775,2.07040170939253,"{'codec': 'h264', 'profile': 'High', 'resolution': '1920x1080', 'bitrate': '2639', 'fps': '30'}",118.301518201828,180,,
4K_new-bitrate-2167.mp4,219,49.613168,2656.34133338928,2.76665477994935,"{'codec': 'h264', 'profile': 'High', 'resolution': '1920x1080', 'bitrate': '2202', 'fps': '30'}",116.624703645706,180,,
4K_new-bitrate-1800.mp4,225,41.255768,2662.80903840065,2.28504660736026,"{'codec': 'h264', 'profile': 'High', 'resolution': '1920x1080', 'bitrate': '1830', 'fps': '30'}",108.272282600403,180,,
4K_new-bitrate-1530.mp4,223,35.101422,2665.75035619736,2.17347700271059,"{'codec': 'h264', 'profile': 'High', 'resolution': '1920x1080', 'bitrate': '1557', 'fps': '30'}",107.84983921051,180,,
4K_new-bitrate-1260.mp4,227,28.943673,2644.98730802536,2.10349174758223,"{'codec': 'h264', 'profile': 'High', 'resolution': '1920x1080', 'bitrate': '1283', 'fps': '30'}",104.925204515457,180,,
4K_new-bitrate-990.mp4,229,22.783093,2640.36032319069,2.8869115289622,"{'codec': 'h264', 'profile': 'High', 'resolution': '1920x1080', 'bitrate': '1009', 'fps': '30'}",102.210072517395,180,,
4K_new-bitrate-720.mp4,227,16.612158,2625.39588570595,2.50747159408538,"{'codec': 'h264', 'profile': 'High', 'resolution': '1920x1080', 'bitrate': '735', 'fps': '30'}",95.3560299873352,180,,
4K_new-bitrate-450.mp4,237,10.413536,2585.06859612465,2.44021134662336,"{'codec': 'h264', 'profile': 'High', 'resolution': '1920x1080', 'bitrate': '460', 'fps': '30'}",94.6295490264893,180,,
4K_new-bitrate-350.mp4,239,8.113892,2533.47083830833,2.59306284487229,"{'codec': 'h264', 'profile': 'High', 'resolution': '1920x1080', 'bitrate': '358', 'fps': '30'}",91.622597694397,180,,
4K_new-bitrate-250.mp4,251,5.800817,2503.14878177643,2.20979600742977,"{'codec': 'h264', 'profile': 'High', 'resolution': '1920x1080', 'bitrate': '255', 'fps': '30'}",90.626266002655,180,,
4K_new-bitrate-150.mp4,282,3.479731,2425.12646985054,2.28802581585892,"{'codec': 'h264', 'profile': 'High', 'resolution': '1920x1080', 'bitrate': '152', 'fps': '30'}",88.6010427474976,180,,
thai_cam_vid_1-bitrate-1800.mp4,32,6.604719,445.416454315186,1.81459316096897,"{'codec': 'h264', 'profile': 'High', 'resolution': '1920x1080', 'bitrate': '1819', 'fps': '97'}",19.4542014598846,28.9956333333333,,
thai_cam_vid_1-bitrate-1530.mp4,33,5.61407,446.324902296066,1.49387818436896,"{'codec': 'h264', 'profile': 'High', 'resolution': '1920x1080', 'bitrate': '1545', 'fps': '97'}",18.9082853794098,28.9956333333333,,
thai_cam_vid_1-bitrate-1260.mp4,32,4.624678,440.357506752014,2.05302037183242,"{'codec': 'h264', 'profile': 'High', 'resolution': '1920x1080', 'bitrate': '1272', 'fps': '97'}",18.5953161716461,28.9956333333333,,
thai_cam_vid_1-bitrate-990.mp4,33,3.633568,438.278872489929,2.32362662462251,"{'codec': 'h264', 'profile': 'High', 'resolution': '1920x1080', 'bitrate': '999', 'fps': '97'}",17.3109498023987,28.9956333333333,,
thai_cam_vid_1-bitrate-720.mp4,34,2.647222,433.062209606171,2.45050727526709,"{'codec': 'h264', 'profile': 'High', 'resolution': '1920x1080', 'bitrate': '727', 'fps': '97'}",16.0698852539063,28.9956333333333,,
thai_cam_vid_1-bitrate-450.mp4,29,1.661889,422.45462346077,1.63256741174951,"{'codec': 'h264', 'profile': 'High', 'resolution': '1920x1080', 'bitrate': '455', 'fps': '97'}",15.5296003818512,28.9956333333333,,
thai_cam_vid_1-bitrate-350.mp4,29,1.294198,421.56217956543,2.4872932744467,"{'codec': 'h264', 'profile': 'High', 'resolution': '1920x1080', 'bitrate': '353', 'fps': '97'}",15.2027544975281,28.9956333333333,,
thai_cam_vid_1-bitrate-250.mp4,28,0.926269,401.858480215073,2.3831018501304,"{'codec': 'h264', 'profile': 'High', 'resolution': '1920x1080', 'bitrate': '252', 'fps': '97'}",14.9855310916901,28.9956333333333,,
thai_cam_vid_1-bitrate-150.mp4,26,0.575795,359.371171236038,2.83525332763396,"{'codec': 'h264', 'profile': 'High', 'resolution': '1920x1080', 'bitrate': '155', 'fps': '97'}",14.5453751087189,28.9956333333333,,
Singapore_Road_CTE_Tollroad_Singapore-bitrate-1800.mp4,928,67.806379,3262.86072826385,6.54355814554791,"{'codec': 'h264', 'profile': 'High', 'resolution': '1280x720', 'bitrate': '1801', 'fps': '97'}",111.013735055923,300.7004,,
Singapore_Road_CTE_Tollroad_Singapore-bitrate-1530.mp4,921,57.690818,3275.21231889725,5.81063354820457,"{'codec': 'h264', 'profile': 'High', 'resolution': '1280x720', 'bitrate': '1532', 'fps': '97'}",117.45997595787,300.7004,,
Singapore_Road_CTE_Tollroad_Singapore-bitrate-1260.mp4,923,47.571195,3253.1293964386,6.72861568499352,"{'codec': 'h264', 'profile': 'High', 'resolution': '1280x720', 'bitrate': '1263', 'fps': '97'}",101.072597742081,300.7004,,
Singapore_Road_CTE_Tollroad_Singapore-bitrate-990.mp4,920,37.44059,3222.23968577385,4.94716176068987,"{'codec': 'h264', 'profile': 'High', 'resolution': '1280x720', 'bitrate': '993', 'fps': '97'}",93.0643317699432,300.7004,,
Singapore_Road_CTE_Tollroad_Singapore-bitrate-720.mp4,912,27.293874,3191.11840629578,7.06106558784039,"{'codec': 'h264', 'profile': 'High', 'resolution': '1280x720', 'bitrate': '723', 'fps': '97'}",90.8422658443451,300.7004,,
Singapore_Road_CTE_Tollroad_Singapore-bitrate-450.mp4,917,17.113508,3136.27132034302,6.80789428592224,"{'codec': 'h264', 'profile': 'High', 'resolution': '1280x720', 'bitrate': '452', 'fps': '97'}",87.1202988624573,300.7004,,
Singapore_Road_CTE_Tollroad_Singapore-bitrate-350.mp4,901,13.33032,3075.66528177261,7.21499007755911,"{'codec': 'h264', 'profile': 'High', 'resolution': '1280x720', 'bitrate': '352', 'fps': '97'}",82.922048330307,300.7004,,
Singapore_Road_CTE_Tollroad_Singapore-bitrate-250.mp4,860,9.544713,2965.00976324081,6.386242663938,"{'codec': 'h264', 'profile': 'High', 'resolution': '1280x720', 'bitrate': '251', 'fps': '97'}",80.5512070655823,300.7004,,
Singapore_Road_CTE_Tollroad_Singapore-bitrate-150.mp4,756,5.750621,2715.74143433571,6.52745109388671,"{'codec': 'h264', 'profile': 'High', 'resolution': '1280x720', 'bitrate': '150', 'fps': '97'}",78.6330358982086,300.7004,,
highway2_trim-bitrate-694.mp4,428,15.602309,1652.78584432602,3.93058787702193,"{'codec': 'h264', 'profile': 'High', 'resolution': '1280x720', 'bitrate': '691', 'fps': '25'}",39.3745458126068,180.04,,
highway2_trim-bitrate-590.mp4,430,13.281972,1658.1006333828,3.19951814561205,"{'codec': 'h264', 'profile': 'High', 'resolution': '1280x720', 'bitrate': '587', 'fps': '25'}",33.9191973209381,180.04,,
highway2_trim-bitrate-490.mp4,425,11.039716,1657.11054730415,3.90629622563133,"{'codec': 'h264', 'profile': 'High', 'resolution': '1280x720', 'bitrate': '488', 'fps': '25'}",33.4049928188324,180.04,,
highway2_trim-bitrate-390.mp4,428,8.793181,1643.43259239197,3.88252541437374,"{'codec': 'h264', 'profile': 'High', 'resolution': '1280x720', 'bitrate': '388', 'fps': '25'}",31.5117070674896,180.04,,
highway2_trim-bitrate-290.mp4,430,6.543172,1634.85156178474,3.91837319549426,"{'codec': 'h264', 'profile': 'High', 'resolution': '1280x720', 'bitrate': '288', 'fps': '25'}",31.1307332515717,180.04,,
highway2_trim-bitrate-190.mp4,434,4.290108,1588.84298658371,3.86169009170088,"{'codec': 'h264', 'profile': 'High', 'resolution': '1280x720', 'bitrate': '188', 'fps': '25'}",29.5460488796234,180.04,,
highway2_trim-bitrate-90.mp4,369,2.064092,1471.71349835396,4.44503744154438,"{'codec': 'h264', 'profile': 'High', 'resolution': '1280x720', 'bitrate': '89', 'fps': '25'}",28.5319454669952,180.04,,
highwayNew-bitrate-1800.mp4,313,48.207657,3002.04792952538,2.22588747537797,"{'codec': 'h264', 'profile': 'High', 'resolution': '1920x1080', 'bitrate': '1833', 'fps': '97'}",127.514971017838,210.0098,,
highwayNew-bitrate-1530.mp4,315,41.007017,3068.82463026047,2.10726053891348,"{'codec': 'h264', 'profile': 'High', 'resolution': '1920x1080', 'bitrate': '1559', 'fps': '97'}",125.330373287201,210.0098,,
highwayNew-bitrate-1260.mp4,311,33.81425,3013.65790748596,2.1641982447921,"{'codec': 'h264', 'profile': 'High', 'resolution': '1920x1080', 'bitrate': '1285', 'fps': '97'}",115.484375238419,210.0098,,
highwayNew-bitrate-990.mp4,310,26.622917,3045.9932487011,2.50704560671451,"{'codec': 'h264', 'profile': 'High', 'resolution': '1920x1080', 'bitrate': '1011', 'fps': '97'}",110.438759088516,210.0098,,
highwayNew-bitrate-720.mp4,311,19.434578,3042.04662394524,2.79346826830563,"{'codec': 'h264', 'profile': 'High', 'resolution': '1920x1080', 'bitrate': '737', 'fps': '97'}",100.835052251816,210.0098,,
highwayNew-bitrate-450.mp4,310,12.231039,2981.23095583916,2.24975659370685,"{'codec': 'h264', 'profile': 'High', 'resolution': '1920x1080', 'bitrate': '463', 'fps': '97'}",94.7991547584534,210.0098,,
highwayNew-bitrate-350.mp4,307,9.560335,2992.75692749023,2.54562484896639,"{'codec': 'h264', 'profile': 'High', 'resolution': '1920x1080', 'bitrate': '361', 'fps': '97'}",98.1966876983643,210.0098,,
highwayNew-bitrate-250.mp4,306,6.881029,2917.9078848362,2.35003100887819,"{'codec': 'h264', 'profile': 'High', 'resolution': '1920x1080', 'bitrate': '259', 'fps': '97'}",91.8109986782074,210.0098,,
highwayNew-bitrate-150.mp4,308,4.145737,2812.93963527679,3.14481077463731,"{'codec': 'h264', 'profile': 'High', 'resolution': '1920x1080', 'bitrate': '155', 'fps': '97'}",87.2122600078583,210.0098,,
Cars_On_Highway-bitrate-1800.mp4,33,13.439792,572.286221027374,3.42442968457078,"{'codec': 'h264', 'profile': 'High', 'resolution': '1920x1080', 'bitrate': '1788', 'fps': '25'}",36.7595860958099,60.04,,
Cars_On_Highway-bitrate-1530.mp4,33,11.410763,571.55185341835,4.02521136312774,"{'codec': 'h264', 'profile': 'High', 'resolution': '1920x1080', 'bitrate': '1517', 'fps': '25'}",33.846920967102,60.04,,
Cars_On_Highway-bitrate-1260.mp4,34,9.38114,568.483087062836,3.70235447800836,"{'codec': 'h264', 'profile': 'High', 'resolution': '1920x1080', 'bitrate': '1247', 'fps': '25'}",31.5972628593445,60.04,,
Cars_On_Highway-bitrate-990.mp4,33,7.357294,569.952947616577,3.52923534712624,"{'codec': 'h264', 'profile': 'High', 'resolution': '1920x1080', 'bitrate': '977', 'fps': '25'}",29.5376393795013,60.04,,
Cars_On_Highway-bitrate-720.mp4,35,5.337715,559.032534599304,3.8206190854364,"{'codec': 'h264', 'profile': 'High', 'resolution': '1920x1080', 'bitrate': '708', 'fps': '25'}",27.7441096305847,60.04,,
Cars_On_Highway-bitrate-450.mp4,33,3.319807,562.256890058517,3.0653450084817,"{'codec': 'h264', 'profile': 'High', 'resolution': '1920x1080', 'bitrate': '439', 'fps': '25'}",26.8155505657196,60.04,,
Cars_On_Highway-bitrate-350.mp4,33,2.576779,556.80283498764,3.23704833010142,"{'codec': 'h264', 'profile': 'High', 'resolution': '1920x1080', 'bitrate': '340', 'fps': '25'}",25.2322318553925,60.04,,
Cars_On_Highway-bitrate-250.mp4,32,1.842037,561.466928243637,3.80093638176617,"{'codec': 'h264', 'profile': 'High', 'resolution': '1920x1080', 'bitrate': '242', 'fps': '25'}",25.0995669364929,60.04,,
Cars_On_Highway-bitrate-150.mp4,33,1.11562,552.54940366745,4.00126116766085,"{'codec': 'h264', 'profile': 'High', 'resolution': '1920x1080', 'bitrate': '146', 'fps': '25'}",23.8858094215393,60.04,,
4K_new-resolutionWidth-1536.mp4,224,81.648825,2201.772349357605,2.8889532143210115,"{'codec': 'h264', 'profile': 'High', 'resolution': '1536x864', 'bitrate': '3626', 'fps': '30'}",103.40470266342163,180.0
4K_new-resolutionWidth-1152.mp4,217,46.047638,1929.9273960590363,3.321027921611159,"{'codec': 'h264', 'profile': 'High', 'resolution': '1152x648', 'bitrate': '2043', 'fps': '30'}",63.48343276977539,180.0
4K_new-resolutionWidth-768.mp4,225,17.83042,1695.8488342761993,3.4948019836244484,"{'codec': 'h264', 'profile': 'High', 'resolution': '768x432', 'bitrate': '789', 'fps': '30'}",39.678860664367676,180.0
4K_new-resolutionWidth-384.mp4,241,4.469607,1533.2463672161102,4.541401153730634,"{'codec': 'h264', 'profile': 'High', 'resolution': '384x216', 'bitrate': '195', 'fps': '30'}",24.54058599472046,180.0
4K_new-resolutionWidth-284.mp4,247,2.5840319999999997,1460.4049005508423,4.475092333459053,"{'codec': 'h264', 'profile': 'High', 'resolution': '284x160', 'bitrate': '112', 'fps': '30'}",21.497440099716187,180.0
thai_cam_vid_1-resolutionWidth-1536.mp4,32,11.751712999999999,370.3647873401642,2.534426681720804,"{'codec': 'h264', 'profile': 'High', 'resolution': '1536x864', 'bitrate': '3239', 'fps': '97'}",17.50895380973816,28.995633333333334
thai_cam_vid_1-resolutionWidth-1152.mp4,33,7.568900999999999,320.2756221294403,2.684886508087149,"{'codec': 'h264', 'profile': 'High', 'resolution': '1152x648', 'bitrate': '2085', 'fps': '97'}",11.12995982170105,28.995633333333334
thai_cam_vid_1-resolutionWidth-768.mp4,32,3.7467159999999997,293.1392774581909,2.967979792774745,"{'codec': 'h264', 'profile': 'High', 'resolution': '768x432', 'bitrate': '1030', 'fps': '97'}",6.822015047073364,28.995633333333334
thai_cam_vid_1-resolutionWidth-384.mp4,29,1.109848,261.6773145198822,3.717475092096602,"{'codec': 'h264', 'profile': 'High', 'resolution': '384x216', 'bitrate': '303', 'fps': '97'}",4.326940059661865,28.995633333333334
thai_cam_vid_1-resolutionWidth-284.mp4,30,0.674175,248.71687817573547,4.684610921672231,"{'codec': 'h264', 'profile': 'High', 'resolution': '284x160', 'bitrate': '183', 'fps': '97'}",3.9501523971557617,28.995633333333334
Singapore_Road_CTE_Tollroad_Singapore-resolutionWidth-1024.mp4,917,82.720365,2987.226418495178,7.371648849376419,"{'codec': 'h264', 'profile': 'High', 'resolution': '1024x576', 'bitrate': '2198', 'fps': '97'}",93.61090350151062,300.7004
Singapore_Road_CTE_Tollroad_Singapore-resolutionWidth-768.mp4,918,56.748895999999995,2751.8999457359314,7.9944448764541765,"{'codec': 'h264', 'profile': 'High', 'resolution': '768x432', 'bitrate': '1507', 'fps': '97'}",65.22267889976501,300.7004
Singapore_Road_CTE_Tollroad_Singapore-resolutionWidth-512.mp4,894,30.096567999999998,2488.7013733386993,9.009335893736786,"{'codec': 'h264', 'profile': 'High', 'resolution': '512x288', 'bitrate': '798', 'fps': '97'}",42.042293310165405,300.7004
Singapore_Road_CTE_Tollroad_Singapore-resolutionWidth-412.mp4,876,21.603922999999998,2379.790557384491,8.41361413013881,"{'codec': 'h264', 'profile': 'High', 'resolution': '412x232', 'bitrate': '572', 'fps': '97'}",35.65180587768555,300.7004
Singapore_Road_CTE_Tollroad_Singapore-resolutionWidth-312.mp4,853,12.841083999999999,2217.27579164505,9.969276886236376,"{'codec': 'h264', 'profile': 'High', 'resolution': '312x176', 'bitrate': '339', 'fps': '97'}",27.575270175933838,300.7004
Pexels_Videos_2103099-resolutionWidth-1920.mp4,61,35.544819,749.8753113746643,3.470148716022636,"{'codec': 'h264', 'profile': 'High', 'resolution': '1920x1080', 'bitrate': '4736', 'fps': '30'}",71.82496118545532,60.0
Pexels_Videos_2103099-resolutionWidth-1536.mp4,62,21.207265,652.1800498962402,4.273577441457913,"{'codec': 'h264', 'profile': 'High', 'resolution': '1536x864', 'bitrate': '2824', 'fps': '30'}",52.77990913391113,60.0
Pexels_Videos_2103099-resolutionWidth-1152.mp4,62,12.316156,572.8539578914642,4.264138363689579,"{'codec': 'h264', 'profile': 'High', 'resolution': '1152x648', 'bitrate': '1639', 'fps': '30'}",38.46032404899597,60.0
Pexels_Videos_2103099-resolutionWidth-768.mp4,55,5.779478999999999,510.717821598053,4.7878920945598,"{'codec': 'h264', 'profile': 'High', 'resolution': '768x432', 'bitrate': '767', 'fps': '30'}",28.849750518798828,60.0
Pexels_Videos_2103099-resolutionWidth-384.mp4,50,1.9256769999999999,441.2450432777405,5.811591259598719,"{'codec': 'h264', 'profile': 'High', 'resolution': '384x216', 'bitrate': '253', 'fps': '30'}",24.519099712371826,60.0
Pexels_Videos_2103099-resolutionWidth-284.mp4,48,1.1254819999999999,410.85693311691284,6.826788950220562,"{'codec': 'h264', 'profile': 'High', 'resolution': '284x160', 'bitrate': '147', 'fps': '30'}",23.230876207351685,60.0
ChampsElysees_150610_03_Videvo-resolutionWidth-1536.mov,74,4.198492,149.98295497894287,3.5306468129222965,"{'codec': 'h264', 'profile': 'High', 'resolution': '1536x864', 'bitrate': '2160', 'fps': '25'}",7.993316888809204,15.52
ChampsElysees_150610_03_Videvo-resolutionWidth-1152.mov,77,2.429292,131.4981369972229,4.096571715809034,"{'codec': 'h264', 'profile': 'High', 'resolution': '1152x648', 'bitrate': '1249', 'fps': '25'}",4.979243278503418,15.52
ChampsElysees_150610_03_Videvo-resolutionWidth-768.mov,74,1.137981,120.06022834777832,4.416886331461324,"{'codec': 'h264', 'profile': 'High', 'resolution': '768x432', 'bitrate': '583', 'fps': '25'}",3.2254343032836914,15.52
ChampsElysees_150610_03_Videvo-resolutionWidth-384.mov,68,0.34687799999999996,104.8250994682312,5.847157920344104,"{'codec': 'h264', 'profile': 'High', 'resolution': '384x216', 'bitrate': '175', 'fps': '25'}",2.4144861698150635,15.52
ChampsElysees_150610_03_Videvo-resolutionWidth-284.mov,62,0.21112399999999998,100.93620204925537,5.997159981412643,"{'codec': 'h264', 'profile': 'High', 'resolution': '284x160', 'bitrate': '105', 'fps': '25'}",2.1381723880767822,15.52
nightSouthKorea-resolutionWidth-1536.mov,27,4.439096,114.04150056838989,3.7610531273024574,"{'codec': 'h264', 'profile': 'High', 'resolution': '1536x864', 'bitrate': '2737', 'fps': '25'}",9.182090997695923,12.96
nightSouthKorea-resolutionWidth-1152.mov,27,2.733589,105.89273524284363,4.3938809781904675,"{'codec': 'h264', 'profile': 'High', 'resolution': '1152x648', 'bitrate': '1684', 'fps': '25'}",7.353783369064331,12.96
nightSouthKorea-resolutionWidth-768.mov,27,1.3513229999999998,95.69506335258484,4.389616035574345,"{'codec': 'h264', 'profile': 'High', 'resolution': '768x432', 'bitrate': '831', 'fps': '25'}",6.18895697593689,12.96
nightSouthKorea-resolutionWidth-384.mov,27,0.431589,85.99899005889893,5.684279747903432,"{'codec': 'h264', 'profile': 'High', 'resolution': '384x216', 'bitrate': '263', 'fps': '25'}",6.422093629837036,12.96
nightSouthKorea-resolutionWidth-284.mov,27,0.25567799999999996,82.50475907325745,5.7300906420972595,"{'codec': 'h264', 'profile': 'High', 'resolution': '284x160', 'bitrate': '154', 'fps': '25'}",6.142346620559692,12.96
kukuNew-resolutionWidth-1024.mp4,221,21.959301,1520.7198584079742,5.23930861468755,"{'codec': 'h264', 'profile': 'High', 'resolution': '1024x576', 'bitrate': '1006', 'fps': '97'}",38.17412447929382,174.04053333333334
kukuNew-resolutionWidth-768.mp4,220,13.741147999999999,1403.983219385147,5.21347063352988,"{'codec': 'h264', 'profile': 'High', 'resolution': '768x432', 'bitrate': '628', 'fps': '97'}",25.48595643043518,174.04053333333334
kukuNew-resolutionWidth-512.mp4,224,6.753715,1291.2484650611877,5.68439319337073,"{'codec': 'h264', 'profile': 'High', 'resolution': '512x288', 'bitrate': '307', 'fps': '97'}",17.315085649490356,174.04053333333334
kukuNew-resolutionWidth-412.mp4,223,4.937613,1221.2457087039948,4.988787393967466,"{'codec': 'h264', 'profile': 'High', 'resolution': '412x232', 'bitrate': '224', 'fps': '97'}",15.422479152679443,174.04053333333334
kukuNew-resolutionWidth-312.mp4,234,2.967748,1149.9117352962494,5.466754596555348,"{'codec': 'h264', 'profile': 'High', 'resolution': '312x176', 'bitrate': '133', 'fps': '97'}",12.895334482192993,174.04053333333334
highway2_trim-resolutionWidth-1024.mp4,428,15.783805999999998,1517.5936336517334,3.8033102550630433,"{'codec': 'h264', 'profile': 'High', 'resolution': '1024x576', 'bitrate': '699', 'fps': '25'}",30.932090044021606,180.04
highway2_trim-resolutionWidth-768.mp4,430,10.182997,1432.6473302841187,3.7361517272035907,"{'codec': 'h264', 'profile': 'High', 'resolution': '768x432', 'bitrate': '450', 'fps': '25'}",24.091323852539062,180.04
highway2_trim-resolutionWidth-512.mp4,430,5.5299629999999995,1317.7215912342072,4.417770685373562,"{'codec': 'h264', 'profile': 'High', 'resolution': '512x288', 'bitrate': '243', 'fps': '25'}",14.854578018188477,180.04
highway2_trim-resolutionWidth-412.mp4,430,4.175641,1255.933483839035,4.92173737797422,"{'codec': 'h264', 'profile': 'High', 'resolution': '412x232', 'bitrate': '183', 'fps': '25'}",13.678714513778687,180.04
highway2_trim-resolutionWidth-312.mp4,429,2.6560729999999997,1183.0294904708862,5.325694469345533,"{'codec': 'h264', 'profile': 'High', 'resolution': '312x176', 'bitrate': '115', 'fps': '25'}",11.064647912979126,180.04
highway2_trim-resolutionWidth-210.mp4,380,1.618395,1062.836175441742,6.3974687700671105,"{'codec': 'h264', 'profile': 'High', 'resolution': '210x118', 'bitrate': '69', 'fps': '25'}",9.644715785980225,180.04
highwayNew-resolutionWidth-1536.mp4,313,60.578053999999995,2512.4468126296997,2.9256208080010286,"{'codec': 'h264', 'profile': 'High', 'resolution': '1536x864', 'bitrate': '2304', 'fps': '97'}",103.89472937583923,210.0098
highwayNew-resolutionWidth-1152.mp4,311,38.251667999999995,2195.921895980835,3.206928790400232,"{'codec': 'h264', 'profile': 'High', 'resolution': '1152x648', 'bitrate': '1454', 'fps': '97'}",67.95826387405396,210.0098
highwayNew-resolutionWidth-768.mp4,312,19.205007,1995.3693888187408,3.6961376662246135,"{'codec': 'h264', 'profile': 'High', 'resolution': '768x432', 'bitrate': '728', 'fps': '97'}",42.40257906913757,210.0098
highwayNew-resolutionWidth-384.mp4,302,6.079298,1814.1613447666168,4.306026753643319,"{'codec': 'h264', 'profile': 'High', 'resolution': '384x216', 'bitrate': '228', 'fps': '97'}",26.92203688621521,210.0098
highwayNew-resolutionWidth-284.mp4,301,3.6141669999999997,1711.2687380313873,4.438998874123005,"{'codec': 'h264', 'profile': 'High', 'resolution': '284x160', 'bitrate': '134', 'fps': '97'}",24.848093271255493,210.0098
Cars_On_Highway-resolutionWidth-1536.mp4,33,15.405733999999999,482.3678708076477,4.5457170565512275,"{'codec': 'h264', 'profile': 'High', 'resolution': '1536x864', 'bitrate': '2050', 'fps': '25'}",30.360675573349,60.04
Cars_On_Highway-resolutionWidth-1152.mp4,33,9.099266,416.7124185562134,4.261590806159502,"{'codec': 'h264', 'profile': 'High', 'resolution': '1152x648', 'bitrate': '1209', 'fps': '25'}",18.58491587638855,60.04
Cars_On_Highway-resolutionWidth-768.mp4,33,4.1278619999999995,371.873761177063,4.827146996717941,"{'codec': 'h264', 'profile': 'High', 'resolution': '768x432', 'bitrate': '547', 'fps': '25'}",11.429851293563843,60.04
Cars_On_Highway-resolutionWidth-384.mp4,32,1.162685,333.2730612754822,6.7563722775703425,"{'codec': 'h264', 'profile': 'High', 'resolution': '384x216', 'bitrate': '152', 'fps': '25'}",7.408098936080933,60.04
Cars_On_Highway-resolutionWidth-284.mp4,34,0.680896,317.74257731437683,6.3333839952959154,"{'codec': 'h264', 'profile': 'High', 'resolution': '284x160', 'bitrate': '88', 'fps': '25'}",6.832927942276001,60.04
